{"cameraMode":{"drawMode":0,"name":"Shaded","section":"Shading Mode"},"sceneLighting":true,"audioPlay":false,"sceneViewState":{"m_AlwaysRefresh":false,"showFog":true,"showSkybox":true,"showFlares":true,"showImageEffects":true,"showParticleSystems":true,"showVisualEffectGraphs":true,"m_FxEnabled":true},"in2DMode":false,"pivot":{"x":-5.004387378692627,"y":-8.594171524047852,"z":137.36163330078126},"rotation":{"x":-0.10807211697101593,"y":-0.02177305705845356,"z":0.0023674259427934887,"w":-0.9939019083976746},"size":22.454742431640626,"orthographic":false}