{"cameraMode":{"drawMode":0,"name":"Shaded","section":"Shading Mode"},"sceneLighting":true,"audioPlay":false,"sceneViewState":{"m_AlwaysRefresh":false,"showFog":true,"showSkybox":true,"showFlares":true,"showImageEffects":true,"showParticleSystems":true,"showVisualEffectGraphs":true,"m_FxEnabled":true},"in2DMode":false,"pivot":{"x":-0.06817663460969925,"y":0.5527277588844299,"z":0.5879353880882263},"rotation":{"x":0.12271349877119065,"y":-0.7174029350280762,"z":0.13077495992183686,"w":0.6731804609298706},"size":1.0609986782073975,"orthographic":false}